{
    "camera_matrix": [
        [
            1400.0854523017474,
            0.0,
            956.5684491244236
        ],
        [
            0.0,
            1393.7047171929141,
            476.31051966688574
        ],
        [
            0.0,
            0.0,
            1.0
        ]
    ],
    "distortion_coefficients": [
        [
            0.11417559552433376,
            -0.5582417322996703,
            -0.014284245262139322,
            -0.0001888112143073273,
            3.600729734280195
        ]
    ],
    "rotation_vectors": [
        [
            [
                -0.44473542362791174
            ],
            [
                0.7477056408399595
            ],
            [
                1.972360896607863
            ]
        ],
        [
            [
                -0.43673001825706587
            ],
            [
                0.7045325704067739
            ],
            [
                1.981989367083042
            ]
        ],
        [
            [
                -0.4302295913331683
            ],
            [
                0.6871217866706244
            ],
            [
                1.988189868825777
            ]
        ],
        [
            [
                -0.43148648129643596
            ],
            [
                0.6821000037664626
            ],
            [
                1.9988907014945
            ]
        ],
        [
            [
                -0.43897571126809504
            ],
            [
                0.7000123577245773
            ],
            [
                2.0148231158457786
            ]
        ],
        [
            [
                -0.4393965211436136
            ],
            [
                0.6783433424899898
            ],
            [
                2.022426760963298
            ]
        ],
        [
            [
                -0.4480425521062458
            ],
            [
                0.6657451093755291
            ],
            [
                2.026205001621732
            ]
        ],
        [
            [
                -0.45858976674897384
            ],
            [
                0.6589721154138849
            ],
            [
                2.020084030775849
            ]
        ],
        [
            [
                -0.4530781527034179
            ],
            [
                0.6509935089988279
            ],
            [
                2.01923088477883
            ]
        ],
        [
            [
                -0.4603255625998935
            ],
            [
                0.6404056449307015
            ],
            [
                2.0294180876056687
            ]
        ],
        [
            [
                -0.4719386100349645
            ],
            [
                0.6477629187468689
            ],
            [
                2.044110079940169
            ]
        ],
        [
            [
                -0.4989208041925803
            ],
            [
                0.6659709297739944
            ],
            [
                2.0484855378709708
            ]
        ],
        [
            [
                -0.5332669003531696
            ],
            [
                0.7034271837309247
            ],
            [
                2.04179370866272
            ]
        ],
        [
            [
                -0.5430439205391093
            ],
            [
                0.7114753483112907
            ],
            [
                2.039635122286291
            ]
        ],
        [
            [
                -0.5519933843714615
            ],
            [
                0.7167699394805208
            ],
            [
                2.0343663383144532
            ]
        ],
        [
            [
                -0.5494399613080305
            ],
            [
                0.7125897251761892
            ],
            [
                2.0306430561954323
            ]
        ],
        [
            [
                -0.538588280947893
            ],
            [
                0.7116006310184547
            ],
            [
                2.0229404216129003
            ]
        ],
        [
            [
                -0.5302618309613467
            ],
            [
                0.7062854085829744
            ],
            [
                2.020347021899309
            ]
        ],
        [
            [
                -0.5114275448743099
            ],
            [
                0.6951678647552195
            ],
            [
                2.028689715921863
            ]
        ],
        [
            [
                -0.5105713497450783
            ],
            [
                0.6873601657420217
            ],
            [
                2.031948695359175
            ]
        ],
        [
            [
                -0.49846169376216604
            ],
            [
                0.6458992023677104
            ],
            [
                2.046696204179248
            ]
        ],
        [
            [
                -0.511249123853102
            ],
            [
                0.6081285655547337
            ],
            [
                2.0481667114505626
            ]
        ],
        [
            [
                -0.5257661492928174
            ],
            [
                0.6149723023385288
            ],
            [
                2.0418193274446885
            ]
        ],
        [
            [
                -0.5463328856964718
            ],
            [
                0.6546595503551915
            ],
            [
                2.0458310305203766
            ]
        ],
        [
            [
                -0.5437873310881721
            ],
            [
                0.6950855376277724
            ],
            [
                2.0153912725997403
            ]
        ],
        [
            [
                -0.5259645803070823
            ],
            [
                0.7040732764386486
            ],
            [
                2.010205341927243
            ]
        ],
        [
            [
                -0.49180614394012945
            ],
            [
                0.6666906940794407
            ],
            [
                2.005004085233945
            ]
        ],
        [
            [
                -0.47683922907398507
            ],
            [
                0.6078386063337494
            ],
            [
                2.018323822796819
            ]
        ],
        [
            [
                -0.4321555592512158
            ],
            [
                0.5106769200433614
            ],
            [
                2.0846433365655734
            ]
        ],
        [
            [
                -0.4258452986047418
            ],
            [
                0.4676591280959917
            ],
            [
                2.0969015733330174
            ]
        ],
        [
            [
                -0.434258082806799
            ],
            [
                0.3991518692232266
            ],
            [
                2.1234262950451726
            ]
        ],
        [
            [
                -0.4389742691957331
            ],
            [
                0.32669235527307
            ],
            [
                2.1136764606439873
            ]
        ],
        [
            [
                -0.4134482140757028
            ],
            [
                0.3706550300973541
            ],
            [
                2.078496430654543
            ]
        ],
        [
            [
                -0.39627888596566646
            ],
            [
                0.3684067567223229
            ],
            [
                2.063444195615523
            ]
        ],
        [
            [
                -0.39599253258898326
            ],
            [
                0.26091926795811454
            ],
            [
                2.045345944960527
            ]
        ],
